{"auc": 0.9229910714285714, "accuracy": 0.8333333333333334, "n_test": 60, "report": {"0": {"precision": 0.8235294117647058, "recall": 0.875, "f1-score": 0.8484848484848485, "support": 32.0}, "1": {"precision": 0.8461538461538461, "recall": 0.7857142857142857, "f1-score": 0.8148148148148148, "support": 28.0}, "accuracy": 0.8333333333333334, "macro avg": {"precision": 0.8348416289592759, "recall": 0.8303571428571428, "f1-score": 0.8316498316498316, "support": 60.0}, "weighted avg": {"precision": 0.8340874811463047, "recall": 0.8333333333333334, "f1-score": 0.8327721661054994, "support": 60.0}}}